{
    "id": 4,
    "name": "Fleur Couleur",
    "description": "Fleur-Couleur is een biologische bloemenboerderij. De focus ligt op de teelt van bloemenzaden, wel meer dan 100 soorten en vari\u00ebteiten! Alles wordt door boerin Lies en team met passie geteeld volgens de principes van de biologische landbouw. De bloemen groeien en bloeien op het veld in de volle grond, op het ritme van de natuur. De bloemenzaden worden verdeeld via Vitale Rassen. \r\n\r\ncontact\r\nlies_fleur.couleur\r\n@fleurcouleur.be",
    "order": "IMAGE, DESCRIPTION, EMPTY_SPACE",
    "categories": [
        "agro-ecologie",
        "zadkracht",
        "vrijwilligerswerking"
    ],
    "x_position": 63.0,
    "y_position": 100.0,
    "images": [
        "actors\\actor_4\\fleur- couleur Screenshot 2025-04-07 at 23.29.09(1).png",
        "actors\\actor_4\\fleur- couleur Screenshot 2025-04-07 at 23.29.09.png"
    ]
}