[
    {
        "id": 1,
        "name": "Brugboerbart"
    },
    {
        "id": 2,
        "name": "Architectuur"
    },
    {
        "id": 3,
        "name": "Rode Beuken"
    },
    {
        "id": 4,
        "name": "Fleur Couleur"
    },
    {
        "id": 5,
        "name": "Houtoven"
    },
    {
        "id": 6,
        "name": "Situated Pluriversal"
    },
    {
        "id": 7,
        "name": "Varkentjes"
    },
    {
        "id": 8,
        "name": "Verfplantentuin"
    },
    {
        "id": 9,
        "name": "VZW Aardig Aards"
    },
    {
        "id": 10,
        "name": "Water"
    },
    {
        "id": 11,
        "name": "Weder"
    },
    {
        "id": 12,
        "name": "Wilgenlokaal"
    }
]